Index	student mean	Hogwarts House
0	0.35788622553538085	Ravenclaw
1	-0.39403121131599583	Slytherin
2	0.5404231159478816	Ravenclaw
3	-0.633330768210707	Gryffindor
5	-0.27368473072723637	Slytherin
8	-0.4626898737674952	Gryffindor
9	-0.1598159336258632	Hufflepuff
10	0.1274838207057372	Hufflepuff
11	-0.07242019327059343	Hufflepuff
12	-0.049698938894782496	Hufflepuff
13	-0.23423990321663737	Slytherin
14	0.42683000374495916	Ravenclaw
15	0.5464579286483743	Ravenclaw
16	-0.3722556765601391	Gryffindor
17	-0.2810788739759072	Gryffindor
18	0.7019787281003901	Ravenclaw
19	0.039556926772899695	Hufflepuff
22	0.6862045217611075	Ravenclaw
23	0.14352200454153835	Hufflepuff
24	0.7495534438541559	Ravenclaw
25	0.09484961747205158	Hufflepuff
26	-0.3394655834582258	Slytherin
27	0.034720223348152834	Hufflepuff
28	-0.3840790133407866	Gryffindor
29	-0.05731794132008889	Hufflepuff
30	0.1781130238390517	Hufflepuff
31	-0.2490319729640963	Gryffindor
32	0.6293825820918447	Ravenclaw
33	-0.1472801760958533	Hufflepuff
35	0.3997676802763583	Ravenclaw
36	0.013687153871732182	Hufflepuff
37	0.2581930436317897	Hufflepuff
38	-0.40252627955647824	Slytherin
40	-0.43935055697550546	Gryffindor
41	-0.03837016528098865	Hufflepuff
42	0.36890875087716213	Ravenclaw
44	-0.07520397542116034	Hufflepuff
45	0.6968744997202729	Ravenclaw
46	0.5147948024132678	Ravenclaw
47	-0.0031128888387482903	Hufflepuff
48	-0.39638736053598717	Slytherin
49	-0.47211332642725823	Gryffindor
50	-0.41535260515460004	Gryffindor
51	-0.5120033045124237	Slytherin
52	-0.2962878971602495	Slytherin
54	-0.4079708568050589	Gryffindor
55	-0.22366239980940014	Slytherin
57	-0.35098711172897423	Slytherin
58	-0.22471718177972824	Hufflepuff
59	-0.15359821888621106	Gryffindor
60	-0.46482784250772136	Slytherin
61	0.8092332152676734	Ravenclaw
62	-0.04622557256358146	Hufflepuff
63	-0.10244969728317327	Hufflepuff
65	0.15318260328044103	Hufflepuff
66	0.22759666116735172	Hufflepuff
67	0.3511139684953182	Ravenclaw
68	-0.35291787281323744	Gryffindor
69	0.16370137226098957	Hufflepuff
71	-0.27653567159979064	Slytherin
73	-0.05651475334091067	Hufflepuff
74	0.6854348642488193	Ravenclaw
75	-0.038046226263403496	Hufflepuff
76	0.6596423281787254	Ravenclaw
77	0.5959437834618303	Ravenclaw
78	0.006196598949779624	Hufflepuff
79	0.2092155125312106	Hufflepuff
80	0.04245318193800884	Hufflepuff
83	-0.061706913636031466	Gryffindor
84	-0.07972905430998295	Hufflepuff
86	-0.046923906226175496	Hufflepuff
87	0.1183668218405957	Hufflepuff
88	-0.16069078830998532	Hufflepuff
89	-0.307058023489142	Gryffindor
91	-0.15126752627433432	Gryffindor
92	0.43276624332355473	Ravenclaw
94	0.04070523751805	Hufflepuff
95	-0.26527896924779876	Hufflepuff
96	-0.30596543724783437	Gryffindor
97	0.4651371269683699	Ravenclaw
98	-0.417395576557734	Slytherin
99	-0.013263825640036232	Hufflepuff
100	-0.10464092590015661	Gryffindor
101	-0.13618037968281682	Hufflepuff
102	0.5124286263473151	Ravenclaw
103	-0.04665764767133785	Hufflepuff
104	0.7679541523655617	Ravenclaw
105	-0.33417034433138243	Gryffindor
106	-0.23367013731549294	Slytherin
108	0.14934917690601285	Hufflepuff
109	-0.2929281155232531	Slytherin
111	0.7598068967538982	Ravenclaw
113	0.30340577566648713	Ravenclaw
115	-0.3714002461162261	Gryffindor
116	0.3383280432161321	Ravenclaw
118	0.12612430181132248	Hufflepuff
119	0.04984631599105037	Hufflepuff
120	0.6885004580470547	Ravenclaw
122	0.278558949247825	Ravenclaw
123	-0.13251670080605496	Hufflepuff
125	-0.2401717499111868	Slytherin
126	0.02703709080810423	Hufflepuff
129	-0.2036449573836133	Hufflepuff
130	-0.23878393253375071	Slytherin
131	-0.5971519726011633	Gryffindor
132	-0.45548071782432803	Slytherin
133	-0.08221552790141039	Hufflepuff
136	0.3647096014784622	Ravenclaw
138	-0.02397833441917474	Hufflepuff
139	-0.24108547409889497	Gryffindor
141	0.318011654991759	Ravenclaw
142	-0.1415563704100976	Gryffindor
143	0.04408722637628796	Hufflepuff
144	-0.3119380840597492	Gryffindor
146	-0.39033320367057733	Slytherin
147	-0.08829384128741599	Gryffindor
148	-0.6023761904562772	Gryffindor
149	-0.33663118153680105	Gryffindor
150	0.4344048015483598	Ravenclaw
151	-0.2992799043076936	Gryffindor
152	-0.44985452046643537	Gryffindor
153	-0.23773621386560945	Slytherin
154	-0.4210017487033189	Slytherin
155	-0.1717436158143741	Hufflepuff
156	-0.28349517280018993	Gryffindor
157	0.019039234073901717	Hufflepuff
160	0.024581891412311714	Hufflepuff
161	-0.033159836423652535	Hufflepuff
162	0.17653773904931816	Hufflepuff
163	-0.29454327515319295	Slytherin
164	0.39219435500593985	Ravenclaw
165	-0.03960469499045095	Hufflepuff
166	0.07969788642597611	Hufflepuff
167	0.09847208855125353	Hufflepuff
169	-0.19209773623503362	Gryffindor
170	0.5866455111865734	Ravenclaw
171	-0.1340478948414807	Gryffindor
172	-0.010516256382531636	Gryffindor
173	0.37582252306128994	Ravenclaw
174	-0.03954839687033129	Hufflepuff
175	-0.44194766236584293	Gryffindor
177	0.049089122254842854	Hufflepuff
178	0.48511987120784084	Ravenclaw
179	0.376627816909795	Ravenclaw
181	-0.17032310458216615	Hufflepuff
182	0.4560978978221394	Ravenclaw
184	-0.25171588150036067	Ravenclaw
185	-0.08409252400087094	Hufflepuff
186	0.07869340993646355	Hufflepuff
187	-0.24684955328411534	Slytherin
190	-0.22843526631904063	Slytherin
191	-0.15747675144339143	Hufflepuff
193	0.09153013586040512	Hufflepuff
194	-0.24794970980624706	Slytherin
196	-0.4058201104356422	Hufflepuff
197	0.5313536522742976	Ravenclaw
198	-0.6306873494403222	Gryffindor
199	-0.25133404430418316	Slytherin
200	-0.04539037840809987	Ravenclaw
203	0.619545785644899	Ravenclaw
204	-0.5468718660685046	Gryffindor
205	0.09636484708079077	Hufflepuff
207	0.013037144915734397	Hufflepuff
208	-0.025458770639396364	Hufflepuff
209	0.38807600091730876	Ravenclaw
210	0.129782161061346	Hufflepuff
211	-0.7444412025082124	Gryffindor
212	-0.31049168804930927	Slytherin
214	0.5655595029525913	Ravenclaw
216	-0.2678869275336388	Gryffindor
217	0.694568773770211	Ravenclaw
218	-0.43985245212191376	Gryffindor
219	-0.5031816580801661	Gryffindor
220	-0.22049168418200574	Hufflepuff
222	-0.43700191717235565	Gryffindor
224	-0.2531425318569702	Gryffindor
225	0.7389852222062268	Ravenclaw
226	0.10327030182379836	Hufflepuff
227	-0.2077859046954977	Gryffindor
228	-0.1651858073638458	Hufflepuff
229	-0.010985274891212593	Hufflepuff
230	0.18018409057810342	Hufflepuff
231	-0.16616966606069783	Gryffindor
233	0.6570141694093901	Ravenclaw
234	0.046439686333666394	Hufflepuff
236	-0.2190032873382482	Slytherin
237	0.4148962218908973	Ravenclaw
239	-0.01407514109414177	Hufflepuff
240	-0.02495059980612572	Hufflepuff
241	-0.2196840535995671	Gryffindor
242	0.01740055066205444	Hufflepuff
243	-0.12370704453755293	Hufflepuff
244	0.11581065752821737	Hufflepuff
245	0.05234281884808957	Hufflepuff
246	-0.2382271420143009	Gryffindor
247	-0.07440883446178513	Hufflepuff
249	0.9028925368106486	Ravenclaw
250	0.4454837376088525	Ravenclaw
251	-0.17957236731424286	Slytherin
252	-0.3060663822419556	Slytherin
253	-0.44306687676202017	Gryffindor
254	-0.1149199458982332	Hufflepuff
255	0.7822619555966008	Slytherin
257	-0.17622926214638485	Slytherin
258	-0.08607902102185568	Gryffindor
259	0.5678156525026063	Ravenclaw
261	-0.039819118674245896	Hufflepuff
262	0.3553012377386089	Ravenclaw
263	-0.4446431925486821	Gryffindor
265	-0.44377055773083907	Slytherin
266	-0.27529033396477337	Slytherin
267	0.5779878573733073	Ravenclaw
268	-0.04992762776519202	Hufflepuff
269	0.6115378327210151	Ravenclaw
270	-0.09887719008555039	Gryffindor
271	0.5451367348610412	Ravenclaw
272	-0.11183894374396662	Hufflepuff
273	0.01966226416839178	Hufflepuff
274	0.29292754704536794	Ravenclaw
276	0.5246527502606407	Ravenclaw
277	-0.049150435563719	Hufflepuff
278	-0.05387515097376113	Hufflepuff
280	-0.005161037213048624	Hufflepuff
281	0.5653168224319272	Ravenclaw
282	-0.23680336987500178	Hufflepuff
283	-0.08642403796125893	Hufflepuff
284	0.6125325739600869	Ravenclaw
285	0.09711600262201883	Ravenclaw
286	-0.32303675666809323	Gryffindor
287	0.04109154341577622	Hufflepuff
288	-0.0012153094500612048	Hufflepuff
289	-0.42936323349906846	Gryffindor
290	-0.4382081431546174	Gryffindor
292	0.11392551819126405	Hufflepuff
293	0.10513153947961998	Hufflepuff
295	-0.666400899190019	Gryffindor
297	-0.5314973441243057	Gryffindor
298	0.4788576534635353	Ravenclaw
299	0.2894083095667664	Hufflepuff
301	0.037798312678728546	Hufflepuff
302	-0.33717141599715406	Slytherin
303	-0.06041051819171864	Hufflepuff
304	0.15673636929346332	Hufflepuff
306	-0.3891491700499892	Slytherin
307	0.46090585524224476	Ravenclaw
308	0.024347406455562267	Hufflepuff
309	-0.26513329043095457	Slytherin
311	0.0215432541739948	Hufflepuff
312	-0.4278459336707314	Slytherin
313	0.06115477490782373	Hufflepuff
314	-0.4722559016637613	Gryffindor
315	-0.6629247211665901	Gryffindor
316	0.33291570116319175	Ravenclaw
317	-0.41491635531296456	Slytherin
318	-0.391941324291911	Slytherin
319	0.09713081348065952	Hufflepuff
320	-0.12566247526623187	Hufflepuff
321	-0.21522389869564185	Slytherin
322	-0.1819222590986792	Slytherin
323	-0.23784639291804177	Gryffindor
326	0.3976317165729901	Ravenclaw
327	-0.22713924217125575	Slytherin
329	0.435789305635225	Ravenclaw
330	-0.2741664388891486	Slytherin
333	0.06100956442725966	Hufflepuff
334	0.41218504293054625	Ravenclaw
335	0.49246381197745587	Ravenclaw
336	-0.2502304857242634	Slytherin
337	0.555348200526142	Ravenclaw
338	-0.2134026504711535	Gryffindor
339	0.0066353643914512685	Ravenclaw
340	-0.39632949040890797	Slytherin
342	0.5079868541578734	Ravenclaw
344	-0.36471005673519047	Slytherin
347	0.6600166395550183	Ravenclaw
348	0.19380153663641053	Hufflepuff
349	0.09547274315444192	Hufflepuff
350	-0.33886168561131763	Gryffindor
351	0.46966601494966925	Ravenclaw
352	-0.2815794645654617	Gryffindor
353	-0.24417349141390224	Gryffindor
354	-0.0790736186372	Hufflepuff
355	-0.4361647496978118	Gryffindor
356	-0.2928109460533301	Slytherin
357	0.14400477015085786	Hufflepuff
358	0.27576380385309657	Ravenclaw
361	0.027568958489540905	Hufflepuff
362	0.5111974830813554	Ravenclaw
363	0.5924478413002376	Ravenclaw
364	-0.2653488034653609	Slytherin
365	0.46842956981769085	Ravenclaw
369	-0.026119658192545754	Hufflepuff
370	0.48778942192359487	Ravenclaw
371	0.15005931927259836	Hufflepuff
372	-0.04559896749152403	Hufflepuff
373	-0.03921980371113605	Hufflepuff
374	-0.006850996790942801	Hufflepuff
376	0.35471311735068134	Ravenclaw
377	-0.19725917792551295	Hufflepuff
378	-0.25208814615631325	Slytherin
379	0.3971777511575344	Ravenclaw
380	-0.3836697352059338	Hufflepuff
383	0.07603219337054269	Hufflepuff
384	-0.37225613345244785	Gryffindor
385	0.08780878137826345	Hufflepuff
386	0.5600537741572578	Ravenclaw
389	0.11201206326767961	Hufflepuff
390	-0.030157272901088897	Hufflepuff
391	-0.31695705796506224	Slytherin
392	0.007306290250047581	Hufflepuff
393	-0.0040102627519303	Hufflepuff
394	0.6589075564879013	Ravenclaw
395	0.485579426186647	Ravenclaw
396	-0.4124797912153356	Gryffindor
397	-0.5292318944458171	Slytherin
398	0.48790950278688966	Ravenclaw
399	-0.26975413562118533	Gryffindor
402	-0.3370801894111677	Slytherin
403	0.22187718199872483	Hufflepuff
404	0.7584346065819006	Ravenclaw
405	-0.13443842797984057	Hufflepuff
407	0.2571233116053814	Ravenclaw
408	-0.23477709129997976	Slytherin
409	-0.560494925124815	Gryffindor
410	-0.3893553107633498	Slytherin
412	-0.4682843742647092	Gryffindor
413	0.4127510466923765	Ravenclaw
414	-0.12494916859552561	Hufflepuff
416	-0.35777957784956843	Slytherin
417	0.04296133998256982	Hufflepuff
418	-0.2861456796184229	Slytherin
419	-0.07205800639781677	Hufflepuff
422	0.023215748171262332	Hufflepuff
423	0.03757973235502106	Hufflepuff
425	-0.38270414931658514	Gryffindor
428	0.01613881907970546	Hufflepuff
429	0.5807811524602042	Ravenclaw
430	-0.2578390794561703	Gryffindor
431	0.44335020518779117	Ravenclaw
432	0.16830304834194038	Hufflepuff
434	-0.24400416613617743	Hufflepuff
435	-0.027991678516863905	Hufflepuff
436	0.3493225354701347	Ravenclaw
437	0.464065281596713	Ravenclaw
438	-0.3214267276661149	Slytherin
439	0.615048766173405	Ravenclaw
440	-0.02728086788159711	Hufflepuff
441	0.5164583695241945	Ravenclaw
442	0.5157415589446678	Ravenclaw
444	0.4815077106456365	Ravenclaw
445	-0.2073228077954948	Ravenclaw
446	0.14137276070047802	Hufflepuff
447	-0.24823773583180542	Gryffindor
448	0.5626077082614983	Ravenclaw
449	-0.42826590964938754	Gryffindor
451	0.1369638818217188	Hufflepuff
452	-0.31811354301477457	Slytherin
453	-0.020297038840160195	Hufflepuff
455	-0.4815359020216014	Slytherin
457	0.28233740111685235	Ravenclaw
459	-0.6832562320719494	Gryffindor
461	-0.4690660297070659	Gryffindor
463	0.3920877295468218	Ravenclaw
464	-0.10345003602331303	Hufflepuff
465	-0.5123017924276466	Gryffindor
466	-0.41900232736161863	Gryffindor
467	0.023482261965747406	Hufflepuff
469	-0.5041774791476727	Gryffindor
470	0.39988003488628726	Ravenclaw
471	-0.22238716825286675	Gryffindor
472	-0.004353177498401084	Hufflepuff
474	-0.2570263005249588	Hufflepuff
475	0.46519366207405155	Ravenclaw
476	0.17852521553807094	Hufflepuff
477	0.03364782993660217	Hufflepuff
478	-0.46480048514076844	Gryffindor
479	0.47930173784512803	Ravenclaw
480	-0.08164146124699298	Hufflepuff
481	-0.05863965451070164	Hufflepuff
482	-0.31204685188037323	Gryffindor
483	-0.21568682778654888	Slytherin
485	-0.25627325188678957	Hufflepuff
486	0.5522629062927235	Ravenclaw
487	-0.23813398107826075	Gryffindor
488	-0.16806364138976906	Hufflepuff
490	-0.14671146315541675	Gryffindor
491	0.1479495985551127	Hufflepuff
494	-0.013567808313476861	Hufflepuff
495	-0.07384823910739545	Hufflepuff
496	-0.34073593470459923	Slytherin
497	-0.6353974331301004	Gryffindor
498	0.6012264409860577	Ravenclaw
499	0.5834228694152963	Ravenclaw
500	-0.4881522722492499	Gryffindor
501	-0.025876446942763795	Hufflepuff
502	-0.17325814840066184	Hufflepuff
504	-0.16485721351593446	Ravenclaw
505	-0.4270260003608589	Gryffindor
507	-0.004360190301143976	Ravenclaw
508	-0.004483299955408027	Hufflepuff
509	-0.13996635276323593	Hufflepuff
510	0.2963270259693896	Ravenclaw
511	0.2200333066838226	Hufflepuff
512	-0.5282711803691599	Gryffindor
514	-0.014679543639525275	Hufflepuff
515	0.4871050488235281	Gryffindor
516	0.41209297134847367	Ravenclaw
517	-0.22010811007332245	Gryffindor
518	0.6278635567372228	Ravenclaw
520	0.08943131768114275	Hufflepuff
521	-0.557272668629494	Gryffindor
522	-0.3875872198173208	Slytherin
523	-0.2255704866732883	Gryffindor
524	-0.35509023019520786	Slytherin
525	0.47815956704128026	Ravenclaw
526	-0.17666794398562669	Gryffindor
527	-0.32665524634835824	Gryffindor
528	-0.41862656212773963	Gryffindor
530	0.529208181096409	Ravenclaw
531	-0.03465512652259814	Hufflepuff
532	-0.25860664389151106	Gryffindor
533	0.6342699216131366	Ravenclaw
534	0.585379531127393	Ravenclaw
535	0.1466520739565502	Hufflepuff
536	-0.3209937903372373	Gryffindor
537	0.4008560325333387	Ravenclaw
538	-0.32411244077563334	Slytherin
540	-0.39286053530373277	Slytherin
541	-0.5618281933716808	Gryffindor
542	0.6600202607723369	Ravenclaw
545	0.5283837182915974	Ravenclaw
547	-0.46132988270603464	Slytherin
548	0.1542812361427927	Hufflepuff
549	-0.31225948486178545	Gryffindor
550	-0.08178656177279597	Hufflepuff
552	-0.19237827362615242	Gryffindor
554	-0.0790968097877346	Hufflepuff
555	-0.0910091826078744	Hufflepuff
561	0.47411051642980157	Ravenclaw
563	-0.37227982098418405	Gryffindor
564	0.109463539899451	Hufflepuff
565	0.15003604985324165	Hufflepuff
566	-0.020099019508692938	Hufflepuff
567	0.40079934320388033	Ravenclaw
568	0.401256756058936	Ravenclaw
569	-0.11687583769281294	Hufflepuff
570	-0.040375555585399306	Hufflepuff
571	0.18386285913473793	Hufflepuff
572	0.21015802768550704	Ravenclaw
574	-0.12319141833408448	Hufflepuff
575	-0.17847020291605853	Gryffindor
576	-0.23698709613459765	Hufflepuff
579	-0.565416859802599	Slytherin
580	-0.34920407324694547	Gryffindor
581	-0.47315135780029255	Gryffindor
582	0.1792909817420981	Hufflepuff
583	-0.4248002294621198	Gryffindor
584	0.20603313847916457	Ravenclaw
585	0.12334096711903687	Hufflepuff
587	-0.1916833808238609	Slytherin
588	-0.3388940963130161	Slytherin
589	0.40355971690231845	Ravenclaw
590	0.31210806666795465	Ravenclaw
592	-0.33695284383243096	Slytherin
593	0.06902509343153242	Hufflepuff
594	0.4240990611296581	Ravenclaw
595	0.2755639976453762	Ravenclaw
596	0.05072350751466623	Hufflepuff
597	-0.47969913913568385	Gryffindor
598	0.46902974018857224	Ravenclaw
601	0.26222150745726264	Ravenclaw
602	-0.3612694368776302	Slytherin
603	-0.43484390469322803	Gryffindor
604	0.20453893254280334	Ravenclaw
605	0.22335904853616284	Ravenclaw
606	0.5745325507092596	Ravenclaw
607	0.5553161542384111	Ravenclaw
608	-0.3553983044935131	Slytherin
609	0.08752351952944207	Hufflepuff
610	0.27859935170114214	Ravenclaw
611	0.4748348540734427	Ravenclaw
612	-0.16182490411609193	Slytherin
613	-0.021819636175851604	Hufflepuff
614	-0.03257372875099992	Gryffindor
615	-0.44013633020471227	Gryffindor
616	0.3536382193461241	Ravenclaw
619	-0.034465111653305305	Hufflepuff
620	-0.20466744151801736	Slytherin
622	-0.30439989195476574	Gryffindor
623	-0.08164239160367362	Hufflepuff
624	-0.5329086807859477	Gryffindor
625	-0.31647811244220075	Gryffindor
626	-0.07247621863228537	Hufflepuff
627	-0.01437300770463981	Hufflepuff
628	-0.26861705254075036	Gryffindor
631	0.1394371782431341	Ravenclaw
632	0.5668350519534056	Ravenclaw
633	-0.0777662401890423	Hufflepuff
634	0.3988140988692692	Ravenclaw
635	0.3788841182929694	Ravenclaw
636	0.4376393178013357	Ravenclaw
640	0.057239638008323	Hufflepuff
641	-0.23314311558190326	Slytherin
642	-0.3256903779561898	Slytherin
643	0.3411488559110581	Ravenclaw
645	-0.16680942161910856	Slytherin
646	-0.06594839813012111	Hufflepuff
647	0.17757474656804012	Hufflepuff
648	0.135758300148874	Hufflepuff
649	-0.21461090536648547	Slytherin
652	0.007345775244157291	Hufflepuff
653	-0.20073798687650377	Slytherin
655	-0.07093376870026426	Hufflepuff
656	0.5271485591418348	Ravenclaw
657	-0.4403192350197015	Gryffindor
658	-0.2731502076607009	Gryffindor
659	-0.10794941999464491	Hufflepuff
660	-0.454379579252579	Slytherin
662	-0.21104578907050503	Slytherin
663	0.6710442092966672	Ravenclaw
665	-0.14453677754744929	Hufflepuff
666	-0.4507151851277176	Slytherin
667	0.02282256196198995	Hufflepuff
669	-0.11087473071216197	Hufflepuff
670	-0.4370432162014805	Gryffindor
671	-0.26465572724359315	Gryffindor
672	-0.2467848318998408	Slytherin
673	0.38249170785393793	Ravenclaw
675	0.5369737800324528	Ravenclaw
676	0.06895652266613032	Hufflepuff
677	-0.5852279380654473	Gryffindor
678	0.4118532663132175	Ravenclaw
679	-0.13846780003103396	Hufflepuff
680	-0.494613383643945	Slytherin
681	-0.40310460679652665	Ravenclaw
682	0.4864481019210957	Ravenclaw
683	0.027194288123247538	Hufflepuff
684	0.5418607275634708	Ravenclaw
685	-0.3993859438578051	Slytherin
686	-0.2785340281943582	Slytherin
687	-0.15316576937570822	Hufflepuff
688	0.5831571773150728	Ravenclaw
689	0.479520714143911	Ravenclaw
690	0.4913645285195253	Ravenclaw
691	0.621475400580142	Ravenclaw
693	-0.33805632089338106	Slytherin
694	0.4248538602812542	Ravenclaw
695	-0.28868558215865825	Gryffindor
696	0.2638444890462513	Ravenclaw
698	0.4923904514439732	Ravenclaw
700	-0.09063699622109302	Hufflepuff
701	-0.007880105388428055	Hufflepuff
702	0.5260703027750652	Ravenclaw
703	0.2852212808272696	Ravenclaw
704	0.5423736687676878	Gryffindor
705	-0.184425178471537	Hufflepuff
709	-0.6299300108359136	Gryffindor
710	0.41634813959373906	Ravenclaw
711	0.4254481905279072	Ravenclaw
713	0.3218619012406441	Ravenclaw
714	-0.44269985655161004	Slytherin
715	-0.4374785456140122	Slytherin
717	-0.02839578154583168	Hufflepuff
718	0.3500690664154967	Ravenclaw
720	-0.17893158509035612	Gryffindor
721	0.537977972196561	Ravenclaw
722	-0.2574858143373089	Slytherin
723	-0.07753097556747847	Hufflepuff
725	0.0358688791729397	Hufflepuff
726	-0.33332614176654257	Slytherin
728	-0.3446542306309088	Gryffindor
729	0.5631180951974234	Ravenclaw
730	0.4886983693751832	Ravenclaw
731	0.5947933912948526	Ravenclaw
732	-0.21893260382524152	Slytherin
733	0.028457550948136033	Hufflepuff
734	-0.39573306450333845	Slytherin
736	-0.5860105493383039	Gryffindor
739	-0.496303835473543	Gryffindor
740	0.07264034176743514	Hufflepuff
742	-0.22694332710708395	Hufflepuff
743	0.4039907070266944	Ravenclaw
744	-0.2834277321314582	Gryffindor
745	0.6089494632830367	Ravenclaw
746	0.5799590127660453	Ravenclaw
747	-0.27538258012434713	Slytherin
748	-0.031051784138086427	Hufflepuff
749	0.1943930500579503	Ravenclaw
750	0.15370769218869415	Hufflepuff
751	0.7276632240929134	Ravenclaw
753	-0.1022782245414657	Hufflepuff
754	-0.21810729650701763	Gryffindor
755	-0.846205502441679	Gryffindor
756	-0.12453847963387021	Hufflepuff
758	-0.011140272847070412	Hufflepuff
759	-0.2990232722017804	Gryffindor
760	-0.11018806681859566	Hufflepuff
761	-0.38783131177148944	Slytherin
762	0.3964753412834631	Ravenclaw
763	-0.062450239504142385	Hufflepuff
764	-0.14102146729416776	Hufflepuff
765	-0.09088457592410044	Hufflepuff
767	-0.30449738972932533	Slytherin
768	-0.08918241192748487	Hufflepuff
769	-0.33610280921801944	Slytherin
770	0.27109777785364864	Ravenclaw
771	-0.3571847648261066	Gryffindor
772	0.5549395674653498	Ravenclaw
775	-0.3551008948684516	Gryffindor
776	-0.28312984887266646	Slytherin
777	-0.052759626816824806	Hufflepuff
779	0.39852535487805096	Ravenclaw
780	-0.3969080032576443	Slytherin
782	0.4732328150199396	Ravenclaw
785	0.22054610844987968	Hufflepuff
786	0.35819665042244103	Ravenclaw
787	-0.34642359747009804	Slytherin
788	0.3774652895794049	Ravenclaw
789	-0.3437525563707901	Gryffindor
791	-0.07261052169010412	Hufflepuff
792	0.0356154071238057	Gryffindor
793	0.07774273431162236	Hufflepuff
794	0.46862452887450357	Ravenclaw
795	-0.4783382021958632	Gryffindor
797	0.27280221564066626	Ravenclaw
798	0.21896882352682018	Ravenclaw
799	0.41184440179676074	Ravenclaw
800	-0.30646732692303635	Slytherin
801	-0.07929690231464652	Hufflepuff
802	0.45671728052218713	Ravenclaw
803	0.5379034943935991	Ravenclaw
804	0.562960045685823	Ravenclaw
805	-0.37137172583717004	Gryffindor
807	0.016596730949813916	Hufflepuff
808	-0.26600119860865323	Gryffindor
809	0.31529196170879725	Ravenclaw
810	-0.46521083286889503	Slytherin
811	0.13457162221574645	Hufflepuff
812	-0.44191686251062284	Slytherin
815	0.48987212972239735	Hufflepuff
818	0.3229522907048201	Ravenclaw
819	0.667413646047193	Ravenclaw
820	0.10669475417555228	Gryffindor
821	0.10443080414452735	Hufflepuff
822	-0.29809173634357944	Slytherin
823	0.7380525355957739	Ravenclaw
824	-0.03160154217658054	Slytherin
825	0.622333307438764	Ravenclaw
826	-0.11693824533554437	Hufflepuff
827	0.850679413282646	Ravenclaw
828	0.41890344044241973	Ravenclaw
830	-0.52867043959391	Gryffindor
831	0.5922643248259394	Ravenclaw
832	0.3320287936121008	Ravenclaw
833	0.04010061413606642	Hufflepuff
834	0.0532687470739048	Hufflepuff
835	-0.415565266608291	Gryffindor
837	0.5259201505832449	Ravenclaw
838	0.46666576429648904	Ravenclaw
839	-0.47930589782462296	Gryffindor
840	-0.11256124614925166	Hufflepuff
842	-0.4144410038279102	Slytherin
845	-0.4473859637427353	Gryffindor
846	-0.11548896415136764	Hufflepuff
847	-0.3700695019987549	Slytherin
849	-0.03262742926756828	Hufflepuff
850	0.5622891739027002	Ravenclaw
852	0.5827013707187738	Ravenclaw
853	-0.021422398172383623	Hufflepuff
854	-0.2644267017056431	Slytherin
856	-0.4688198655225797	Slytherin
857	-0.2228657874040789	Slytherin
858	0.44268906254779095	Ravenclaw
859	-0.15198000576397833	Gryffindor
860	-0.30046199665993273	Gryffindor
861	0.40361778670281123	Ravenclaw
862	-0.11645152773716366	Gryffindor
863	-0.033692455150403644	Hufflepuff
864	0.05727928712314937	Hufflepuff
865	-0.5207971438145256	Gryffindor
867	-0.09690898021685886	Hufflepuff
868	-0.14609913523475462	Gryffindor
869	-0.4327825879218812	Gryffindor
870	-0.34253027934644376	Slytherin
871	-0.1637510280828111	Slytherin
873	-0.4073757833230528	Slytherin
874	-0.3139880890330233	Hufflepuff
875	0.013618573421192685	Hufflepuff
877	0.3333646289057711	Ravenclaw
879	-0.3561643671719048	Gryffindor
881	-0.248215389687217	Slytherin
882	-0.011772678559307782	Hufflepuff
883	-0.44477250191755624	Slytherin
884	-0.2530958969042336	Gryffindor
885	-0.3623841389732002	Gryffindor
886	-0.5338853204512101	Slytherin
887	-0.3724575751587353	Slytherin
888	-0.2867714501415372	Slytherin
889	-0.4040457051087507	Slytherin
890	-0.3655333498731918	Slytherin
892	-0.09537169667441678	Hufflepuff
893	-0.28009670836943495	Slytherin
894	-0.10883261314992795	Gryffindor
895	-0.2947240973397927	Slytherin
896	0.4021413899652813	Ravenclaw
897	-0.30055310137492164	Slytherin
898	0.012217051389024987	Hufflepuff
899	-0.1663123312217916	Hufflepuff
901	0.3821554996725985	Ravenclaw
902	0.059135909887635396	Hufflepuff
903	0.08252584862951513	Hufflepuff
905	-0.39942071583157074	Slytherin
906	-0.09080968132427565	Hufflepuff
907	-0.2449706190639862	Slytherin
908	-0.3085627266599223	Gryffindor
909	-0.21862007961128865	Hufflepuff
911	-0.05165402918133956	Hufflepuff
912	-0.32628530088318963	Gryffindor
913	0.4778419347151074	Ravenclaw
915	0.14874455163281064	Gryffindor
917	0.3053945445732241	Ravenclaw
920	-0.4607081038868492	Gryffindor
921	-0.5305453947170217	Gryffindor
922	-0.25023925085576254	Slytherin
923	0.42779292142870295	Ravenclaw
924	-0.04867983842304109	Hufflepuff
925	0.3981928286428783	Ravenclaw
926	-0.1570834917530739	Gryffindor
928	-0.10949663618307323	Hufflepuff
929	-0.04773840509005112	Gryffindor
930	-0.4853773141287132	Slytherin
931	-0.48387353669775757	Slytherin
933	-0.2884345157709224	Gryffindor
935	-0.24123992950331247	Slytherin
936	-0.19712755181336883	Hufflepuff
937	-0.1570086113868324	Hufflepuff
940	-0.5005650824840923	Gryffindor
942	0.11814535448292772	Gryffindor
946	0.06548626849986255	Hufflepuff
947	-0.056182808574732616	Hufflepuff
948	-0.28858458991447555	Gryffindor
949	0.14605362907264968	Hufflepuff
950	-0.0352678588628657	Hufflepuff
951	-0.38101479856235115	Gryffindor
952	-0.36461211759455164	Slytherin
953	0.13671047089380342	Hufflepuff
954	0.07364955173665787	Hufflepuff
955	-0.2694955075978128	Slytherin
956	-0.3088764944883836	Gryffindor
957	-0.20847056643583764	Hufflepuff
958	0.09629074892817835	Hufflepuff
959	-0.033874617500842766	Hufflepuff
960	-0.015067908688480371	Hufflepuff
961	0.44795345546516463	Ravenclaw
962	-0.4867457666572197	Gryffindor
963	0.7609824418226953	Ravenclaw
964	-0.22807721900541852	Hufflepuff
965	0.11307247528986879	Hufflepuff
966	0.0030626581398556486	Hufflepuff
968	-0.046215187302155646	Gryffindor
969	-0.18152153561023204	Hufflepuff
970	-0.015850598567531	Hufflepuff
971	-0.22718278800920905	Slytherin
972	0.258676883369053	Ravenclaw
973	0.35266947353243894	Ravenclaw
974	-0.3465190506877494	Gryffindor
975	-0.31892990465008403	Gryffindor
977	0.12298385849511705	Hufflepuff
980	0.5486143358660147	Ravenclaw
981	-0.21184884701550954	Gryffindor
982	0.5202194954889782	Ravenclaw
983	0.6844664646355916	Ravenclaw
984	0.07866994486864322	Hufflepuff
985	-0.25424840667104087	Slytherin
986	0.26080397802672095	Ravenclaw
987	-0.2551252013323548	Gryffindor
988	0.5582774604956756	Ravenclaw
989	0.4399419524547245	Ravenclaw
990	-0.3693475456902047	Slytherin
991	-0.12424227257230565	Hufflepuff
993	0.015572343281269543	Hufflepuff
994	0.8761940091602338	Ravenclaw
997	0.0062379369394274155	Hufflepuff
998	-0.14277841900471977	Hufflepuff
999	0.10993853343430045	Hufflepuff
1000	0.40426431384639894	Ravenclaw
1001	0.23127703691826668	Ravenclaw
1003	0.5943984038243555	Ravenclaw
1004	-0.4132577487216424	Slytherin
1005	-0.46408247512489464	Gryffindor
1006	0.20701224310859184	Hufflepuff
1007	0.5615129968055329	Ravenclaw
1008	-0.33097620959683394	Gryffindor
1009	0.31295281498695426	Ravenclaw
1010	0.1105708545916744	Hufflepuff
1012	0.01737994151181597	Hufflepuff
1013	-0.18047261163473324	Gryffindor
1014	-0.36124073364636444	Gryffindor
1015	0.41654814527526124	Ravenclaw
1016	0.16819992187310626	Hufflepuff
1017	0.008620964515174646	Hufflepuff
1018	0.3107500730590178	Ravenclaw
1019	-0.4504549476019172	Gryffindor
1021	-0.2948305297259577	Slytherin
1022	0.6455557429619952	Ravenclaw
1023	-0.4734772735475671	Gryffindor
1024	0.1741757732794515	Ravenclaw
1026	0.45246360555478327	Ravenclaw
1027	0.07773965419072595	Hufflepuff
1028	0.41664161658550497	Ravenclaw
1029	0.18058849803279464	Hufflepuff
1030	-0.25194705676909673	Slytherin
1031	-0.04668302383146736	Hufflepuff
1032	0.3477873026040562	Ravenclaw
1033	0.3136046404042485	Ravenclaw
1034	-0.5463939798741095	Slytherin
1035	-0.22325206552044227	Gryffindor
1036	0.5128975682294892	Ravenclaw
1038	-0.07556057106904174	Hufflepuff
1041	-0.30776325878340405	Slytherin
1042	-0.6270459531029193	Gryffindor
1043	0.3479300623955828	Ravenclaw
1044	0.6362768672542605	Ravenclaw
1045	-0.11661754995887767	Gryffindor
1047	0.5675187705090674	Ravenclaw
1048	0.6415724982080159	Ravenclaw
1049	0.5178191112794395	Ravenclaw
1051	-0.43037525505950447	Gryffindor
1052	-0.0026003369916363863	Hufflepuff
1053	-0.38920541839830813	Slytherin
1054	0.1280151069913671	Ravenclaw
1055	-0.31064395302440917	Gryffindor
1056	0.5903157391971309	Ravenclaw
1057	0.41303070823107874	Ravenclaw
1058	-0.386680875996649	Gryffindor
1060	0.5973609218005674	Ravenclaw
1061	-0.3978612249115543	Gryffindor
1063	-0.4773302560138913	Slytherin
1064	0.6053147262768569	Ravenclaw
1065	-0.15275981008635695	Hufflepuff
1067	-0.2281296810802826	Gryffindor
1068	0.08993567471157218	Hufflepuff
1070	-0.026543507776884804	Hufflepuff
1072	-0.1980076381140216	Hufflepuff
1073	0.09376061351710342	Hufflepuff
1074	-0.3770322732467324	Slytherin
1075	-0.3522393149322908	Slytherin
1076	0.70972595398007	Ravenclaw
1077	-0.05271865501320961	Hufflepuff
1079	-0.36608946526670627	Slytherin
1080	0.6595481344928846	Ravenclaw
1082	-0.309086520077324	Slytherin
1083	-0.07356184661356922	Hufflepuff
1084	-0.4022584673610223	Gryffindor
1085	-0.20651995484048263	Gryffindor
1086	0.09585481040261414	Hufflepuff
1087	-0.3815564090041479	Gryffindor
1088	-0.4315327812111285	Gryffindor
1090	0.5487639832225975	Ravenclaw
1092	-0.06344238826282067	Hufflepuff
1094	-0.05655072361375889	Hufflepuff
1095	0.056497911816793284	Hufflepuff
1096	0.7098530111031551	Ravenclaw
1100	-0.3833677100820373	Slytherin
1101	-0.3812869222429432	Gryffindor
1102	0.40093730850166087	Ravenclaw
1103	0.4214809642063471	Ravenclaw
1104	0.4132147100731943	Ravenclaw
1105	0.19424502104940108	Hufflepuff
1106	-0.06383145295691113	Hufflepuff
1107	-0.028533021273359032	Hufflepuff
1108	0.7018404099487857	Ravenclaw
1110	-0.04020534343184927	Hufflepuff
1111	-0.3961560334682718	Slytherin
1112	-0.10809035969914198	Hufflepuff
1114	-0.10325140685704216	Hufflepuff
1115	0.10449002350758613	Hufflepuff
1116	-0.042649711192805535	Hufflepuff
1117	-0.08363224213257629	Hufflepuff
1118	-0.386844269210421	Slytherin
1119	0.46667878416717784	Ravenclaw
1120	-0.43153460667044413	Gryffindor
1121	0.6098314836143041	Ravenclaw
1123	-0.4259806568556137	Slytherin
1124	-0.31141863304905193	Gryffindor
1125	-0.360567837743278	Gryffindor
1126	-0.3620306799813232	Slytherin
1128	-0.340135657720812	Slytherin
1129	0.08775526459612702	Hufflepuff
1130	-0.48237639645432073	Slytherin
1131	0.12205556557124729	Hufflepuff
1134	-0.33229917457244856	Gryffindor
1135	0.11514329205168565	Gryffindor
1136	0.5688672948108097	Ravenclaw
1137	0.5727863064267266	Ravenclaw
1138	0.7602231678489203	Ravenclaw
1139	-0.36858640185335256	Slytherin
1140	0.06903271803557408	Hufflepuff
1141	-0.30764506271021624	Gryffindor
1142	-0.4626151373829258	Slytherin
1144	0.3629782737148093	Ravenclaw
1145	-0.3485186412453869	Slytherin
1147	-0.36932916822890927	Gryffindor
1148	-0.08561897178895007	Hufflepuff
1150	-0.4453415619260938	Slytherin
1153	-0.3218624960343236	Gryffindor
1154	-0.5891703404026845	Gryffindor
1155	-0.14191360397057493	Gryffindor
1156	0.6114730479364441	Ravenclaw
1157	-0.1235283497290812	Hufflepuff
1158	-0.4656781006630371	Slytherin
1159	-0.37308238118941833	Gryffindor
1161	-0.44350934767456235	Slytherin
1162	-0.30956780583064347	Gryffindor
1164	0.325709538783259	Ravenclaw
1165	0.09567663437535065	Hufflepuff
1167	0.30400317846346325	Ravenclaw
1168	-0.20324414259395532	Gryffindor
1169	-0.1276749530977584	Hufflepuff
1171	-0.14017189905670996	Hufflepuff
1172	0.15162168086291128	Hufflepuff
1173	-0.048892787386404374	Hufflepuff
1174	0.32712708220368764	Ravenclaw
1176	0.10160567895871873	Hufflepuff
1177	-0.3658699576657761	Gryffindor
1178	0.006562332266403941	Hufflepuff
1179	-0.2982009774209352	Slytherin
1181	0.19267040606950753	Ravenclaw
1182	0.1564405811793116	Hufflepuff
1183	-0.43533772649270286	Slytherin
1184	-0.13669209359779855	Hufflepuff
1186	-0.48920212534612284	Gryffindor
1187	-0.311733631195171	Gryffindor
1188	-0.17584310290570826	Hufflepuff
1190	-0.2098523247778117	Slytherin
1191	-0.5145644250959723	Hufflepuff
1194	0.49372322425128706	Ravenclaw
1195	-0.2928668955839998	Gryffindor
1197	0.44595116701070625	Ravenclaw
1198	0.13534011080678515	Hufflepuff
1199	0.5600092827999489	Ravenclaw
1200	-0.27084458999438427	Slytherin
1201	0.07140940441968587	Hufflepuff
1202	0.10890953859572826	Hufflepuff
1203	0.42786994279656076	Ravenclaw
1206	0.5384642017794186	Ravenclaw
1207	-0.41135498133880294	Slytherin
1208	-0.5410541181296156	Slytherin
1209	-0.37290420236544725	Gryffindor
1210	0.05177954881693019	Hufflepuff
1211	-0.06289713181419648	Hufflepuff
1212	-0.21073115094185782	Slytherin
1213	0.21607432846534794	Hufflepuff
1215	-0.33358483431880703	Gryffindor
1216	-0.3778046891379417	Slytherin
1217	0.6653240309599556	Ravenclaw
1218	0.3622913474646751	Ravenclaw
1219	0.5479373083405276	Ravenclaw
1220	-0.21252238210153782	Slytherin
1221	-0.1385436203848453	Hufflepuff
1222	-0.20961370167113186	Slytherin
1223	-0.4504749043312963	Gryffindor
1224	0.04059056929408533	Hufflepuff
1225	0.34847511779602913	Ravenclaw
1226	-0.4507755630012979	Gryffindor
1227	-0.3437936458889223	Slytherin
1228	-0.2850361985841953	Slytherin
1229	-0.37974610917880924	Slytherin
1230	0.40775674042149124	Ravenclaw
1231	0.44498304584956966	Ravenclaw
1232	-0.24948209927380058	Gryffindor
1233	0.038349392489023866	Hufflepuff
1234	-0.1550978064959838	Hufflepuff
1236	0.1057819000515267	Ravenclaw
1237	-0.02672781270912596	Gryffindor
1238	0.004754319463323955	Hufflepuff
1239	-0.16789208632671257	Slytherin
1240	-0.05478162032991231	Hufflepuff
1241	-0.34364955707007455	Slytherin
1245	0.22300538174712364	Hufflepuff
1246	0.5987083217649842	Ravenclaw
1248	0.570563321844656	Ravenclaw
1249	-0.14463611898583748	Hufflepuff
1250	0.0804294548903311	Hufflepuff
1251	0.06765468352861038	Hufflepuff
1252	-0.2263467614338339	Hufflepuff
1253	0.0033884373362366585	Hufflepuff
1257	0.6082472399453895	Ravenclaw
1259	-0.5223660005197713	Gryffindor
1260	-0.12590462723679902	Hufflepuff
1261	-0.14953040057326156	Hufflepuff
1263	-0.39746047091361825	Slytherin
1264	-0.3510773909821129	Slytherin
1265	0.5120439594664068	Ravenclaw
1266	-0.3460296420424705	Slytherin
1268	0.037107010446720615	Hufflepuff
1269	-0.4983239063064664	Gryffindor
1270	-0.06355889357830892	Hufflepuff
1271	-0.3135216730635267	Gryffindor
1273	-0.1490266606354784	Gryffindor
1274	-0.05902659765710112	Hufflepuff
1277	-0.29439023037879664	Gryffindor
1279	0.0001431311801620278	Hufflepuff
1280	0.6819105600024721	Ravenclaw
1281	-0.04574478955638912	Hufflepuff
1283	0.16014016973820414	Hufflepuff
1284	-0.36915707657921804	Slytherin
1285	-0.49264937930156066	Gryffindor
1288	0.49815170382962815	Ravenclaw
1289	0.055480556551473874	Hufflepuff
1290	0.39203785338570807	Ravenclaw
1291	0.1015676052433015	Hufflepuff
1292	-0.43623012708170444	Slytherin
1293	-0.12672546224331527	Slytherin
1294	0.6622949169994057	Ravenclaw
1295	-0.20923556625904968	Slytherin
1296	0.3587990704970033	Ravenclaw
1298	0.8995248069357727	Ravenclaw
1299	0.452534203326129	Ravenclaw
1300	-0.2691949110800697	Slytherin
1301	-0.2696308464736191	Gryffindor
1302	0.23429438306473196	Hufflepuff
1303	0.12130055496348993	Hufflepuff
1305	-0.218956494853131	Slytherin
1306	0.02612948083259296	Hufflepuff
1307	0.4136954275363986	Ravenclaw
1308	0.4221161364628004	Ravenclaw
1309	-0.5537679064778419	Gryffindor
1310	0.033702206038552854	Ravenclaw
1311	0.046903031786926314	Hufflepuff
1312	-0.13682548568175917	Hufflepuff
1314	-0.1118934899694116	Hufflepuff
1315	0.06110446269576252	Hufflepuff
1316	-0.0835431015085048	Hufflepuff
1317	-0.5006779804648182	Slytherin
1318	-0.3231324602393315	Slytherin
1319	-0.037451240892620544	Hufflepuff
1321	-0.22027472615101648	Gryffindor
1323	-0.4014192882772877	Gryffindor
1325	-0.08770273978014222	Gryffindor
1326	0.4483346282424312	Ravenclaw
1327	0.4680594294395392	Ravenclaw
1328	-0.18341257835877758	Gryffindor
1329	-0.31463306602431895	Gryffindor
1330	-0.3956512218926528	Gryffindor
1331	0.13364900039748523	Hufflepuff
1332	0.3249095291937402	Ravenclaw
1333	0.21718613327606512	Hufflepuff
1334	0.46656867984156736	Ravenclaw
1336	0.46544896934322544	Ravenclaw
1337	-0.11938748168984512	Hufflepuff
1338	0.5615436742360866	Ravenclaw
1340	-0.30994194412426346	Slytherin
1341	0.5303484491905895	Ravenclaw
1343	-0.320863545344272	Slytherin
1344	0.3548142389579969	Ravenclaw
1346	-0.3067998877374455	Slytherin
1347	-0.1693096512634501	Hufflepuff
1348	-0.25203094099494405	Gryffindor
1349	-0.23377469120373925	Slytherin
1350	-0.4468207280091725	Slytherin
1352	0.6158825244306615	Ravenclaw
1353	0.49897484208313647	Ravenclaw
1354	-0.03620404057384889	Hufflepuff
1355	0.3641282761958608	Ravenclaw
1357	0.05411738161807086	Hufflepuff
1358	-0.4118035923422191	Gryffindor
1359	0.46595878718372663	Ravenclaw
1360	-0.17324801675655216	Hufflepuff
1361	-0.40489087616705616	Slytherin
1362	-0.3608498459071433	Gryffindor
1363	-0.4248789925302725	Gryffindor
1364	0.4823733781332761	Ravenclaw
1365	-0.15549411555194925	Hufflepuff
1366	0.1507823077017509	Hufflepuff
1367	-0.372743925613796	Slytherin
1368	0.43232232771083895	Ravenclaw
1369	0.10632451597193407	Hufflepuff
1370	-0.4373547586108402	Gryffindor
1373	0.032379270497568405	Hufflepuff
1374	-0.38525658265141954	Slytherin
1375	0.05494939988947481	Hufflepuff
1377	0.029312574980172198	Gryffindor
1378	0.4348399105750889	Ravenclaw
1381	0.6935332770583735	Ravenclaw
1384	0.3996690185204642	Ravenclaw
1386	0.05617734594598333	Hufflepuff
1387	0.38160800799741046	Ravenclaw
1388	0.19699020097012937	Ravenclaw
1389	0.03277469574002479	Ravenclaw
1390	0.022457251268733325	Gryffindor
1392	0.47188834615919617	Ravenclaw
1393	-0.23603149609819496	Slytherin
1395	0.17914469048441806	Hufflepuff
1397	-0.5386587438071485	Gryffindor
1399	-0.6142713021723755	Gryffindor
1400	-0.5770259442442953	Gryffindor
1401	-0.4156630546861442	Slytherin
1402	-0.33942928769743497	Slytherin
1403	0.49846201484837055	Ravenclaw
1404	-0.4309828539741585	Gryffindor
1405	-0.4142420559434481	Gryffindor
1407	0.6273493513301488	Ravenclaw
1409	0.14300830580553725	Hufflepuff
1410	-0.4500778413495409	Gryffindor
1411	0.05924279220609035	Hufflepuff
1412	-0.2430529956903209	Slytherin
1413	0.6385547673278007	Ravenclaw
1415	0.07215209136072682	Hufflepuff
1416	-0.40432398150221477	Slytherin
1418	0.4257201201831956	Ravenclaw
1420	0.0989353877608668	Hufflepuff
1421	0.41516955219057733	Ravenclaw
1422	-0.12183844820388773	Hufflepuff
1423	-0.6269400444951114	Gryffindor
1424	-0.4087914930509592	Slytherin
1426	0.16893735965899542	Hufflepuff
1428	0.34283902364723345	Ravenclaw
1429	0.5864209926628191	Ravenclaw
1430	-0.32420355779547977	Slytherin
1431	0.34499412920342515	Ravenclaw
1432	-0.06977271649230413	Hufflepuff
1434	-0.624877505736269	Gryffindor
1435	0.12268670420529106	Ravenclaw
1436	-0.37965762920351165	Slytherin
1437	-0.4551138116382448	Gryffindor
1438	0.06716507491205456	Hufflepuff
1439	0.05593163242740838	Hufflepuff
1440	-0.1829947587988909	Gryffindor
1441	-0.5068346461026233	Slytherin
1443	-0.46929134711672593	Gryffindor
1444	0.6652695230388272	Slytherin
1445	-0.32311121372397866	Gryffindor
1446	0.08062827945402429	Gryffindor
1448	0.46366876313294547	Gryffindor
1449	-0.3576222009506029	Slytherin
1450	0.3666620932105569	Ravenclaw
1451	-0.6136476023178433	Gryffindor
1452	-0.3664876666696936	Slytherin
1453	0.15900512926782684	Hufflepuff
1454	0.4957120135949349	Ravenclaw
1455	0.2931194793452589	Hufflepuff
1456	-0.0863163339910973	Hufflepuff
1457	-0.3636840916842431	Gryffindor
1459	0.049627068674528256	Hufflepuff
1462	-0.40985447427423394	Gryffindor
1463	0.03291955553300309	Hufflepuff
1465	0.6081065545638973	Ravenclaw
1466	0.07399669243625087	Hufflepuff
1468	-0.27357806114455757	Hufflepuff
1469	0.31987551352143007	Ravenclaw
1470	-0.30291317011472674	Slytherin
1471	0.02263481317594644	Hufflepuff
1472	-0.2464126057022651	Slytherin
1473	-0.06524520686606029	Hufflepuff
1475	-0.028290825359258923	Hufflepuff
1476	-0.2253732162615364	Slytherin
1477	0.7545040228657869	Ravenclaw
1478	0.6606214491339409	Ravenclaw
1479	-0.4820142342792222	Slytherin
1482	-0.1366251175284311	Hufflepuff
1483	0.027011672067249116	Hufflepuff
1484	0.7072088753454034	Ravenclaw
1485	-0.046058412377928556	Hufflepuff
1486	-0.06864488277683034	Hufflepuff
1487	-0.38773001732725426	Slytherin
1488	-0.0369157818928855	Hufflepuff
1490	0.4175402224723192	Ravenclaw
1491	0.09667872464105084	Hufflepuff
1492	-0.1896619532038917	Gryffindor
1493	0.07448037354191475	Hufflepuff
1494	0.1651113670816127	Ravenclaw
1495	-0.3464279916258307	Gryffindor
1497	-0.2802393690789718	Slytherin
1498	0.012633577602219127	Hufflepuff
1500	0.5067157305282677	Ravenclaw
1501	0.22340202464172343	Hufflepuff
1502	0.2676058047966804	Ravenclaw
1503	-0.10105678840213163	Gryffindor
1504	-0.19467310966601215	Hufflepuff
1505	0.5468063826288619	Ravenclaw
1506	0.07982868636363302	Hufflepuff
1507	-0.3633827111133931	Slytherin
1508	-0.4230645865713173	Slytherin
1509	0.11460287699372763	Hufflepuff
1510	0.004688466269281459	Hufflepuff
1512	0.4609835703349869	Ravenclaw
1514	0.49542482878349514	Ravenclaw
1515	0.5055895426369348	Gryffindor
1516	0.08800209629502866	Ravenclaw
1517	0.14523780670550732	Hufflepuff
1520	-0.2336740799311583	Gryffindor
1521	0.5017260960436738	Ravenclaw
1522	0.6186106995048609	Ravenclaw
1523	0.375505419962314	Ravenclaw
1525	-0.2534458692600976	Gryffindor
1526	-0.06595817102395429	Hufflepuff
1527	0.15592913433691274	Hufflepuff
1528	-0.06908144319930308	Hufflepuff
1529	-0.5944510092850265	Gryffindor
1531	0.4732129918739532	Ravenclaw
1532	-0.5029528375623895	Slytherin
1534	0.4221894438610534	Ravenclaw
1537	-0.1691450929864152	Hufflepuff
1538	0.532984069589675	Ravenclaw
1539	-0.2606935455264346	Slytherin
1541	0.10921606666464914	Hufflepuff
1542	0.3706430284370859	Ravenclaw
1543	-0.22173756476367262	Hufflepuff
1544	-0.026253806987658394	Hufflepuff
1547	-0.3083549103645561	Gryffindor
1549	-0.5457222284242922	Gryffindor
1550	-0.17434665443957292	Slytherin
1551	0.4020625781226741	Ravenclaw
1552	0.4048989493593389	Ravenclaw
1555	0.5358857933073378	Ravenclaw
1556	0.4590004386126706	Ravenclaw
1557	-0.1033728647828894	Hufflepuff
1559	0.5299044460341613	Ravenclaw
1560	0.5466336480855354	Ravenclaw
1562	0.5318649558573763	Ravenclaw
1563	-0.10018690133360425	Hufflepuff
1564	0.5897423890768148	Ravenclaw
1566	-0.32648759514792436	Gryffindor
1567	0.5095038714520344	Ravenclaw
1568	0.5101610078622988	Ravenclaw
1571	-0.2750919300207245	Slytherin
1572	-0.0869361183587914	Hufflepuff
1573	-0.7382357850830765	Gryffindor
1574	0.18761760286563395	Ravenclaw
1576	0.5581563634107225	Ravenclaw
1577	0.5692947137794723	Ravenclaw
1579	-0.2541610950807561	Slytherin
1581	-0.4499875970238229	Slytherin
1582	0.4465545986196923	Ravenclaw
1583	-0.29309241279807846	Slytherin
1584	-0.3144439541412768	Slytherin
1585	-0.026983940040052463	Hufflepuff
1586	-0.48772556917291693	Slytherin
1587	-0.07320157558462946	Hufflepuff
1589	0.03398788313571049	Hufflepuff
1590	0.21749581209456897	Ravenclaw
1591	-0.3638305736650111	Slytherin
1592	-0.22832711825849875	Gryffindor
1593	0.696766630720546	Ravenclaw
1594	0.22635790606127223	Hufflepuff
1595	-0.2960031303095934	Gryffindor
1596	0.0036430476139176085	Slytherin
1597	-0.18741008246177854	Gryffindor
1598	-0.0012503566222747781	Hufflepuff
1599	-0.058231744702875725	Hufflepuff
